stop_id_from,stop_id_to,arrival_time,Number_of_trips,Degree_of_congestion
103,104,2026-02-13 10:38:20,8,Heavy
405,104,2026-03-04 10:34:20,4,Heavy
101,205,2026-02-11 03:45:20,1,Low
104,103,2026-02-20 03:31:20,7,Low
104,102,2026-02-05 23:59:20,10,Moderate
101,102,2026-02-11 00:40:20,2,Moderate
301,102,2026-03-03 06:27:20,5,Moderate
301,104,2026-02-09 11:12:20,1,Low
301,103,2026-03-02 16:20:20,8,Moderate
301,205,2026-02-11 06:59:20,10,Moderate
102,104,2026-02-09 05:50:20,6,Moderate
101,205,2026-02-15 08:37:20,10,Moderate
205,101,2026-02-13 04:51:20,10,Moderate
104,205,2026-02-22 10:26:20,2,Moderate
103,301,2026-03-02 04:30:20,6,Heavy
301,101,2026-02-20 00:30:20,8,Heavy
104,101,2026-02-22 23:51:20,2,Low
301,405,2026-02-19 02:11:20,1,Heavy
301,405,2026-02-19 16:19:20,10,Heavy
101,301,2026-02-19 22:50:20,6,Heavy
405,102,2026-02-09 12:45:20,4,Moderate
101,102,2026-03-03 23:36:20,3,Moderate
104,301,2026-03-05 06:18:20,2,Moderate
405,102,2026-02-07 11:02:20,1,Low
103,301,2026-02-02 22:12:20,9,Low
101,102,2026-02-03 21:13:20,3,Low
101,104,2026-02-26 06:04:20,7,Low
103,301,2026-02-23 01:59:20,1,Low
102,104,2026-02-08 09:48:20,8,Heavy
205,103,2026-02-20 20:50:20,1,Low
101,405,2026-02-16 06:47:20,3,Moderate
405,104,2026-02-27 04:21:20,1,Low
101,104,2026-02-22 11:14:20,4,Heavy
104,301,2026-02-09 06:46:20,5,Heavy
101,102,2026-02-08 00:36:20,8,Low
101,103,2026-02-14 08:18:20,10,Heavy
205,102,2026-02-08 11:22:20,3,Moderate
301,405,2026-02-24 21:49:20,8,Low
104,301,2026-02-28 06:41:20,5,Moderate
405,205,2026-02-25 21:52:20,1,Low
104,405,2026-02-24 21:29:20,1,Low
101,405,2026-02-09 16:33:20,7,Moderate
205,405,2026-03-02 15:47:20,6,Low
405,104,2026-02-16 20:59:20,4,Moderate
104,101,2026-02-13 20:12:20,7,Moderate
103,102,2026-03-04 12:41:20,4,Moderate
104,405,2026-02-11 13:53:20,3,Moderate
101,405,2026-02-25 17:52:20,1,Heavy
103,301,2026-02-12 23:04:20,5,Moderate
103,101,2026-02-24 03:30:20,7,Moderate
101,104,2026-02-28 09:59:20,5,Moderate
101,104,2026-02-24 03:04:20,5,Heavy
205,103,2026-02-25 15:14:20,7,Moderate
102,104,2026-02-17 17:24:20,6,Heavy
103,405,2026-03-04 14:50:20,5,Moderate
405,103,2026-02-28 05:22:20,3,Moderate
205,405,2026-02-03 15:19:20,4,Heavy
102,104,2026-02-19 02:01:20,1,Low
103,205,2026-03-04 02:49:20,10,Low
101,405,2026-02-13 23:29:20,2,Heavy
104,101,2026-02-16 09:54:20,2,Moderate
103,301,2026-02-10 14:50:20,7,Moderate
104,101,2026-02-04 15:28:20,10,Moderate
101,103,2026-02-25 13:26:20,7,Moderate
205,405,2026-02-24 13:13:20,4,Low
101,301,2026-03-01 20:28:20,8,Moderate
101,102,2026-02-19 22:38:20,2,Low
101,103,2026-02-03 11:50:20,6,Moderate
101,205,2026-02-07 13:27:20,4,Moderate
104,102,2026-02-22 20:16:20,2,Low
205,102,2026-02-27 23:21:20,2,Moderate
101,301,2026-02-21 16:26:20,4,Moderate
205,301,2026-02-16 23:07:20,3,Low
301,405,2026-02-21 13:42:20,6,Low
103,301,2026-02-06 02:04:20,6,Moderate
405,205,2026-02-17 06:14:20,6,Moderate
205,104,2026-02-09 13:29:20,5,Low
205,405,2026-02-19 15:17:20,10,Moderate
101,104,2026-02-28 04:00:20,7,Low
205,101,2026-02-09 01:25:20,1,Low
104,301,2026-02-24 17:05:20,1,Low
301,104,2026-02-12 13:54:20,7,Heavy
102,104,2026-02-08 14:03:20,3,Moderate
301,103,2026-02-11 07:12:20,2,Low
205,103,2026-02-25 08:26:20,1,Low
103,102,2026-02-19 06:57:20,5,Moderate
102,104,2026-02-10 01:30:20,3,Moderate
102,104,2026-02-08 01:11:20,5,Heavy
301,103,2026-02-06 00:05:20,2,Low
205,104,2026-02-07 13:27:20,5,Moderate
101,405,2026-02-03 23:35:20,2,Low
205,102,2026-02-07 00:02:20,3,Moderate
102,104,2026-02-05 03:40:20,6,Heavy
205,103,2026-02-07 05:13:20,6,Low
102,205,2026-02-26 10:21:20,3,Low
102,103,2026-02-03 23:14:20,7,Moderate
405,101,2026-02-10 20:48:20,6,Heavy
301,205,2026-02-24 03:03:20,3,Moderate
205,301,2026-03-03 07:19:20,9,Low
301,405,2026-02-13 02:38:20,3,Low
102,405,2026-02-07 06:43:20,5,Moderate
101,405,2026-02-25 07:25:20,2,Low
205,102,2026-02-02 17:34:20,6,Heavy
405,102,2026-02-28 05:19:20,6,Moderate
104,102,2026-02-18 00:55:20,9,Moderate
104,102,2026-02-09 05:17:20,8,Heavy
205,102,2026-02-03 17:43:20,1,Heavy
102,103,2026-02-23 15:18:20,4,Moderate
101,102,2026-02-25 17:48:20,6,Heavy
205,104,2026-02-04 01:22:20,6,Moderate
405,102,2026-02-24 16:19:20,9,Heavy
103,102,2026-02-09 06:34:20,6,Heavy
205,104,2026-02-15 18:34:20,8,Heavy
104,102,2026-02-06 21:40:20,9,Moderate
101,102,2026-02-18 07:31:20,4,Low
101,205,2026-02-05 17:38:20,5,Moderate
101,301,2026-02-16 01:36:20,10,Heavy
104,205,2026-02-06 17:48:20,1,Heavy
103,405,2026-02-23 20:33:20,1,Low
205,405,2026-02-03 19:20:20,1,Heavy
103,205,2026-02-13 23:17:20,7,Moderate
103,104,2026-02-28 10:15:20,9,Heavy
103,405,2026-02-07 08:56:20,5,Low
101,301,2026-03-05 04:11:20,3,Moderate
205,301,2026-03-04 21:40:20,1,Moderate
103,205,2026-02-13 19:01:20,6,Low
104,102,2026-02-03 15:42:20,3,Heavy
205,405,2026-03-04 07:41:20,1,Low
103,102,2026-02-24 18:48:20,3,Moderate
103,205,2026-02-10 03:04:20,8,Low
205,405,2026-02-26 04:47:20,1,Moderate
103,104,2026-02-23 09:00:20,2,Low
405,103,2026-02-17 12:23:20,6,Moderate
405,101,2026-02-15 18:01:20,7,Low
205,102,2026-02-17 07:10:20,3,Moderate
205,101,2026-02-08 07:19:20,9,Moderate
205,103,2026-02-14 02:14:20,4,Moderate
301,104,2026-03-04 02:31:20,10,Moderate
102,101,2026-02-12 12:42:20,3,Heavy
301,405,2026-03-02 14:50:20,9,Moderate
102,205,2026-03-02 06:12:20,6,Heavy
205,104,2026-02-28 01:19:20,1,Moderate
405,103,2026-02-03 14:23:20,4,Moderate
102,205,2026-02-16 09:28:20,3,Heavy
301,405,2026-02-05 15:25:20,6,Low
102,103,2026-02-21 15:06:20,6,Low
103,101,2026-02-19 19:22:20,1,Moderate
405,101,2026-02-18 00:24:20,10,Low
101,102,2026-02-06 16:03:20,3,Low
205,301,2026-02-10 04:09:20,8,Low
205,103,2026-02-21 11:49:20,2,Low
104,405,2026-02-06 03:12:20,10,Low
205,405,2026-03-04 04:49:20,2,Heavy
103,101,2026-02-24 09:22:20,5,Moderate
103,205,2026-02-03 23:29:20,7,Moderate
102,104,2026-02-14 17:23:20,8,Moderate
405,301,2026-02-05 13:52:20,4,Moderate
104,205,2026-02-11 22:03:20,8,Low
301,103,2026-02-02 19:33:20,2,Low
405,102,2026-02-10 11:40:20,5,Moderate
104,101,2026-02-10 09:43:20,8,Low
102,205,2026-02-04 14:07:20,9,Heavy
301,104,2026-02-04 02:19:20,4,Low
101,102,2026-02-02 18:52:20,7,Heavy
405,102,2026-02-25 00:39:20,8,Heavy
205,104,2026-02-25 11:45:20,10,Heavy
102,103,2026-02-15 01:33:20,8,Heavy
101,205,2026-02-19 21:16:20,3,Moderate
102,301,2026-03-04 07:26:20,8,Moderate
101,205,2026-02-16 05:06:20,9,Heavy
405,101,2026-02-21 07:13:20,1,Low
102,103,2026-02-21 23:44:20,6,Moderate
104,102,2026-02-23 00:27:20,5,Low
205,301,2026-02-28 00:19:20,6,Moderate
205,101,2026-02-15 10:30:20,2,Heavy
301,104,2026-02-25 08:42:20,5,Moderate
101,205,2026-03-01 10:43:20,5,Moderate
101,103,2026-02-19 03:38:20,9,Low
101,103,2026-02-10 00:17:20,1,Moderate
205,104,2026-02-22 16:24:20,2,Low
405,301,2026-02-03 01:06:20,9,Moderate
102,104,2026-02-12 05:51:20,1,Low
405,102,2026-02-21 03:44:20,4,Moderate
301,101,2026-02-03 14:40:20,4,Heavy
102,103,2026-02-12 12:12:20,5,Moderate
101,301,2026-02-24 06:18:20,1,Low
405,104,2026-02-05 05:22:20,3,Moderate
101,405,2026-02-25 19:59:20,7,Moderate
101,104,2026-02-21 01:19:20,7,Low
103,301,2026-02-06 19:03:20,8,Low
301,103,2026-03-02 12:38:20,5,Heavy
301,103,2026-02-13 05:44:20,10,Moderate
101,104,2026-03-01 00:09:20,8,Moderate
301,104,2026-02-09 13:34:20,7,Moderate
205,103,2026-02-19 22:33:20,2,Low
405,103,2026-02-18 02:57:20,10,Moderate
101,205,2026-02-13 04:17:20,5,Low
101,301,2026-02-15 06:40:20,4,Heavy
101,102,2026-02-11 12:21:20,3,Moderate
205,301,2026-02-14 01:43:20,5,Heavy
102,101,2026-02-26 18:49:20,7,Heavy
405,301,2026-02-16 05:40:20,9,Heavy
101,405,2026-02-21 05:56:20,5,Moderate
101,103,2026-02-28 15:22:20,10,Heavy
104,103,2026-03-02 15:02:20,9,Moderate
103,101,2026-02-22 03:24:20,1,Moderate
104,205,2026-02-12 01:00:20,4,Heavy
104,301,2026-02-10 06:18:20,2,Moderate
405,104,2026-02-18 06:21:20,7,Moderate
405,104,2026-02-17 12:42:20,2,Low
405,104,2026-02-14 11:27:20,7,Moderate
301,101,2026-03-01 19:19:20,9,Heavy
205,405,2026-02-27 22:33:20,1,Low
102,205,2026-02-15 19:06:20,7,Heavy
405,301,2026-02-23 19:22:20,8,Heavy
102,405,2026-02-21 11:34:20,4,Moderate
103,205,2026-02-13 06:36:20,7,Moderate
102,104,2026-02-23 11:02:20,3,Heavy
101,102,2026-03-02 05:26:20,2,Low
301,103,2026-02-08 17:06:20,5,Moderate
301,104,2026-02-21 03:08:20,10,Heavy
102,104,2026-02-05 19:59:20,3,Low
104,103,2026-02-10 19:54:20,5,Heavy
103,205,2026-03-05 09:58:20,5,Heavy
405,103,2026-03-05 06:49:20,5,Moderate
103,205,2026-02-20 05:45:20,9,Low
405,102,2026-02-04 00:01:20,2,Heavy
104,101,2026-03-02 23:43:20,9,Moderate
301,104,2026-02-20 20:43:20,6,Heavy
405,102,2026-02-22 09:03:20,2,Low
104,301,2026-02-24 14:53:20,6,Moderate
103,104,2026-02-19 00:14:20,6,Moderate
301,102,2026-03-01 01:51:20,6,Moderate
102,301,2026-02-06 05:19:20,4,Heavy
405,104,2026-02-23 12:29:20,8,Low
102,205,2026-03-03 04:37:20,7,Moderate
301,405,2026-02-20 14:10:20,4,Moderate
205,301,2026-02-04 22:24:20,1,Low
102,405,2026-02-05 17:13:20,9,Moderate
101,104,2026-02-23 17:35:20,6,Heavy
102,405,2026-02-17 22:58:20,9,Moderate
102,104,2026-02-08 06:06:20,5,Moderate
405,102,2026-02-11 15:19:20,8,Moderate
101,103,2026-03-04 07:10:20,2,Low
103,102,2026-02-28 05:45:20,2,Low
103,101,2026-02-28 09:56:20,1,Heavy
405,101,2026-02-10 10:15:20,6,Heavy
301,101,2026-03-02 21:50:20,5,Low
104,102,2026-02-27 20:14:20,10,Moderate
101,205,2026-02-08 23:11:20,7,Heavy
301,102,2026-03-05 11:42:20,5,Heavy
405,102,2026-02-22 18:54:20,8,Heavy
205,104,2026-03-04 00:51:20,6,Low
405,103,2026-02-25 11:04:20,10,Moderate
102,405,2026-02-04 13:41:20,3,Low
104,405,2026-02-18 04:55:20,1,Moderate
103,104,2026-02-05 19:58:20,8,Moderate
301,101,2026-02-21 05:38:20,3,Heavy
301,205,2026-02-02 14:09:20,10,Moderate
405,102,2026-03-02 13:19:20,6,Moderate
301,205,2026-02-16 10:22:20,1,Moderate
102,103,2026-03-01 23:02:20,6,Low
104,101,2026-02-12 13:34:20,5,Heavy
101,104,2026-02-03 17:06:20,7,Heavy
104,405,2026-02-14 09:20:20,7,Moderate
103,102,2026-02-28 16:45:20,4,Moderate
103,205,2026-02-05 04:56:20,9,Low
301,405,2026-02-28 22:34:20,6,Moderate
301,405,2026-02-20 06:53:20,5,Heavy
103,101,2026-02-28 22:59:20,5,Moderate
205,102,2026-02-11 13:32:20,6,Low
103,205,2026-02-08 01:36:20,9,Low
102,103,2026-02-21 10:46:20,6,Heavy
103,101,2026-02-26 08:15:20,2,Heavy
405,102,2026-02-27 23:20:20,9,Low
101,102,2026-03-04 04:07:20,4,Moderate
405,101,2026-02-04 00:27:20,3,Low
103,104,2026-02-04 15:03:20,1,Low
103,104,2026-02-15 00:34:20,5,Low
405,205,2026-02-23 08:23:20,9,Heavy
205,101,2026-02-08 05:34:20,2,Low
103,205,2026-02-22 07:18:20,7,Moderate
405,103,2026-02-11 15:48:20,8,Heavy
102,405,2026-02-14 00:23:20,7,Moderate
101,405,2026-02-06 02:27:20,1,Low
405,301,2026-02-08 00:56:20,9,Low
101,104,2026-02-11 05:51:20,9,Moderate
205,301,2026-03-03 20:57:20,3,Moderate
205,405,2026-02-18 21:50:20,10,Moderate
102,301,2026-02-08 08:50:20,10,Heavy
102,104,2026-02-03 06:52:20,9,Heavy
405,301,2026-02-13 17:48:20,10,Low
101,205,2026-02-11 03:15:20,7,Heavy
104,101,2026-02-23 14:50:20,2,Low
102,104,2026-02-22 15:57:20,2,Low
205,104,2026-03-03 02:39:20,10,Moderate
101,103,2026-02-25 00:46:20,7,Moderate
101,102,2026-03-01 08:37:20,8,Moderate
102,101,2026-02-10 03:21:20,2,Low
301,405,2026-02-11 03:28:20,2,Low
205,405,2026-02-22 12:25:20,10,Low
205,102,2026-02-28 22:13:20,10,Low
104,405,2026-03-02 14:28:20,7,Moderate
104,102,2026-02-20 12:04:20,1,Low
101,301,2026-02-15 15:24:20,7,Moderate
103,101,2026-02-06 01:47:20,8,Heavy
103,101,2026-02-26 17:36:20,1,Low
104,102,2026-02-27 20:34:20,10,Moderate
104,405,2026-03-05 00:49:20,10,Low
205,104,2026-02-03 05:36:20,9,Moderate
102,104,2026-02-03 07:31:20,6,Heavy
104,405,2026-02-18 12:26:20,3,Moderate
301,103,2026-02-06 03:58:20,7,Moderate
405,102,2026-02-21 21:35:20,10,Moderate
301,103,2026-02-08 23:48:20,6,Moderate
301,205,2026-02-21 05:07:20,2,Low
101,102,2026-02-23 04:42:20,5,Low
101,205,2026-02-18 14:05:20,2,Low
104,301,2026-02-08 00:55:20,8,Moderate
104,102,2026-02-07 09:52:20,4,Low
405,101,2026-02-09 12:56:20,1,Low
205,405,2026-02-15 21:40:20,5,Moderate
301,405,2026-02-21 02:22:20,10,Low
103,405,2026-02-06 21:39:20,7,Moderate
103,101,2026-02-22 11:46:20,1,Low
103,205,2026-02-21 05:05:20,10,Moderate
102,205,2026-02-27 06:07:20,8,Moderate
102,205,2026-02-15 01:23:20,10,Moderate
104,101,2026-02-09 08:08:20,6,Low
103,101,2026-02-20 17:06:20,3,Heavy
301,101,2026-02-19 06:13:20,7,Heavy
301,103,2026-02-16 20:47:20,4,Low
101,102,2026-03-02 10:44:20,2,Moderate
301,104,2026-02-11 13:45:20,7,Moderate
101,102,2026-02-14 02:31:20,2,Low
101,104,2026-02-03 20:19:20,1,Low
301,103,2026-03-01 04:32:20,7,Moderate
205,104,2026-03-04 14:12:20,2,Low
205,101,2026-03-02 21:29:20,6,Moderate
102,101,2026-02-15 14:20:20,7,Moderate
104,101,2026-02-08 11:43:20,2,Low
405,104,2026-02-11 07:02:20,2,Low
101,104,2026-02-17 18:10:20,10,Heavy
301,103,2026-02-05 18:42:20,1,Moderate
102,205,2026-02-02 16:48:20,3,Moderate
301,205,2026-02-13 02:37:20,1,Low
405,301,2026-02-14 17:01:20,8,Moderate
301,405,2026-02-08 17:52:20,5,Moderate
101,301,2026-02-04 09:20:20,1,Moderate
102,101,2026-03-04 00:51:20,10,Moderate
104,103,2026-03-02 02:05:20,6,Low
301,103,2026-02-04 20:59:20,4,Low
205,101,2026-02-21 18:12:20,10,Heavy
104,301,2026-03-02 13:42:20,6,Heavy
102,205,2026-02-25 02:40:20,7,Low
101,205,2026-03-01 09:05:20,10,Heavy
101,104,2026-02-07 07:40:20,7,Low
101,405,2026-03-04 14:59:20,8,Heavy
101,301,2026-02-25 13:45:20,1,Low
205,405,2026-02-14 09:05:20,9,Heavy
205,101,2026-03-03 00:12:20,1,Low
405,102,2026-02-09 01:28:20,2,Low
102,205,2026-02-03 06:40:20,2,Low
205,102,2026-02-07 20:28:20,8,Moderate
301,101,2026-02-09 03:32:20,3,Moderate
101,103,2026-02-07 17:46:20,6,Heavy
301,205,2026-02-23 17:29:20,3,Low
205,102,2026-02-25 07:30:20,3,Moderate
102,101,2026-02-02 20:38:20,9,Moderate
405,101,2026-03-01 12:22:20,9,Heavy
102,103,2026-02-23 20:11:20,2,Low
101,104,2026-03-01 03:26:20,10,Heavy
104,103,2026-02-14 12:41:20,8,Low
102,205,2026-02-04 21:08:20,2,Moderate
102,301,2026-02-03 01:49:20,9,Moderate
101,104,2026-03-04 05:55:20,10,Moderate
104,103,2026-03-02 14:43:20,6,Heavy
205,102,2026-03-04 09:07:20,3,Low
301,102,2026-02-06 13:42:20,4,Moderate
104,102,2026-02-08 20:30:20,9,Heavy
103,104,2026-02-18 08:56:20,3,Low
104,205,2026-02-04 02:21:20,10,Low
103,104,2026-02-28 11:49:20,6,Moderate
103,205,2026-02-12 08:10:20,9,Moderate
104,101,2026-02-07 00:17:20,8,Moderate
301,104,2026-02-27 13:37:20,9,Moderate
301,103,2026-03-02 12:43:20,8,Heavy
101,103,2026-02-12 13:23:20,3,Moderate
205,104,2026-02-07 19:35:20,8,Low
102,101,2026-02-10 18:33:20,1,Moderate
205,103,2026-02-17 20:21:20,10,Low
405,102,2026-02-04 19:39:20,5,Moderate
101,102,2026-02-12 15:44:20,7,Moderate
301,102,2026-02-08 01:23:20,6,Heavy
405,205,2026-02-28 12:23:20,6,Low
205,102,2026-02-23 07:03:20,10,Heavy
101,301,2026-02-18 12:37:20,3,Moderate
102,101,2026-02-14 13:31:20,8,Moderate
104,101,2026-02-23 01:02:20,3,Heavy
405,103,2026-02-22 21:39:20,4,Moderate
301,205,2026-02-28 15:55:20,9,Low
103,205,2026-02-06 18:07:20,7,Heavy
205,405,2026-02-23 09:04:20,10,Heavy
101,102,2026-02-12 18:52:20,1,Moderate
101,405,2026-02-15 16:57:20,3,Low
405,301,2026-02-20 08:07:20,7,Heavy
405,103,2026-02-15 22:47:20,1,Moderate
101,405,2026-02-18 09:39:20,1,Low
205,405,2026-02-15 12:36:20,1,Moderate
102,301,2026-02-08 06:06:20,10,Low
104,205,2026-02-18 12:19:20,10,Moderate
405,301,2026-02-14 04:01:20,3,Moderate
102,405,2026-02-25 03:20:20,7,Low
104,102,2026-02-27 19:56:20,6,Heavy
101,103,2026-02-16 11:13:20,7,Moderate
102,301,2026-02-25 00:19:20,2,Moderate
205,104,2026-02-03 16:16:20,3,Moderate
301,405,2026-02-03 03:32:20,6,Moderate
301,103,2026-02-17 11:17:20,8,Low
205,102,2026-02-24 01:10:20,10,Low
104,102,2026-02-05 12:01:20,10,Moderate
104,405,2026-02-11 10:31:20,1,Moderate
101,405,2026-02-11 16:55:20,9,Moderate
301,205,2026-03-01 22:22:20,3,Moderate
104,405,2026-02-21 18:19:20,4,Low
301,103,2026-02-25 13:08:20,8,Moderate
104,101,2026-02-22 12:25:20,9,Low
301,205,2026-02-18 19:08:20,1,Low
102,405,2026-02-10 03:19:20,1,Moderate
205,104,2026-02-18 23:55:20,8,Heavy
405,103,2026-02-18 06:41:20,7,Low
104,405,2026-02-07 20:36:20,2,Low
301,103,2026-02-18 19:59:20,2,Moderate
102,103,2026-02-19 11:37:20,4,Moderate
104,205,2026-02-22 14:53:20,10,Moderate
101,205,2026-02-18 10:46:20,7,Heavy
205,301,2026-02-27 20:10:20,5,Moderate
104,102,2026-02-13 02:48:20,1,Low
102,405,2026-02-18 23:46:20,4,Moderate
102,405,2026-03-02 00:44:20,2,Moderate
205,104,2026-02-06 13:45:20,1,Low
405,301,2026-02-21 23:35:20,5,Low
102,101,2026-02-17 00:46:20,9,Low
104,102,2026-02-20 15:43:20,5,Moderate
301,103,2026-02-18 06:02:20,5,Moderate
103,405,2026-02-15 19:08:20,6,Heavy
101,102,2026-02-12 04:18:20,9,Moderate
101,103,2026-02-24 01:21:20,5,Moderate
103,104,2026-02-05 09:34:20,9,Low
102,103,2026-02-11 07:07:20,7,Low
101,102,2026-02-18 23:20:20,8,Heavy
405,205,2026-02-04 16:26:20,5,Low
102,103,2026-02-17 06:16:20,7,Heavy
301,101,2026-02-03 02:12:20,7,Low
405,205,2026-02-11 01:58:20,3,Moderate
301,205,2026-02-27 07:47:20,4,Moderate
102,405,2026-02-12 06:45:20,8,Low
102,101,2026-02-22 10:22:20,7,Moderate
405,102,2026-02-13 02:47:20,9,Low
101,104,2026-02-13 11:39:20,8,Heavy
405,301,2026-02-17 14:27:20,9,Moderate
205,301,2026-03-04 08:37:20,3,Moderate
301,405,2026-03-02 12:41:20,10,Moderate
205,102,2026-02-08 10:33:20,3,Low
104,101,2026-02-17 09:54:20,4,Low
104,205,2026-02-13 04:57:20,10,Moderate
101,103,2026-02-19 08:42:20,10,Moderate
101,102,2026-02-15 04:29:20,2,Low
103,405,2026-02-03 17:13:20,8,Heavy
301,101,2026-02-06 05:16:20,9,Low
405,301,2026-02-14 01:25:20,1,Low
301,205,2026-02-19 06:29:20,2,Low
103,104,2026-02-23 17:10:20,10,Moderate
104,301,2026-02-11 06:35:20,5,Heavy
301,103,2026-02-15 05:05:20,2,Low
301,101,2026-02-04 14:19:20,9,Moderate
301,101,2026-02-06 18:19:20,2,Heavy
205,301,2026-02-24 20:49:20,6,Moderate
104,205,2026-02-07 21:13:20,2,Moderate
405,104,2026-03-02 03:36:20,1,Low
103,301,2026-02-17 12:15:20,4,Low
102,205,2026-03-01 18:06:20,7,Heavy
103,104,2026-02-24 17:15:20,2,Moderate
102,101,2026-02-09 08:04:20,10,Moderate
205,103,2026-03-03 06:39:20,6,Moderate
301,205,2026-02-03 01:26:20,9,Low
101,102,2026-02-08 16:56:20,6,Low
205,405,2026-02-23 09:21:20,6,Low
102,205,2026-03-03 02:16:20,2,Moderate
103,301,2026-02-26 23:03:20,8,Moderate
101,405,2026-02-18 05:28:20,1,Low
101,102,2026-02-22 11:42:20,10,Heavy
205,301,2026-02-27 01:57:20,6,Heavy
205,101,2026-02-15 06:16:20,3,Low
205,102,2026-02-02 19:14:20,4,Moderate
101,103,2026-02-22 01:07:20,8,Moderate
102,103,2026-02-20 08:47:20,9,Heavy
405,301,2026-02-13 18:32:20,3,Moderate
405,301,2026-02-26 09:00:20,6,Low
101,103,2026-02-21 20:52:20,7,Low
205,101,2026-02-05 04:22:20,8,Heavy
205,405,2026-02-15 07:07:20,5,Moderate
103,205,2026-02-22 19:07:20,1,Moderate
405,205,2026-02-24 06:51:20,5,Moderate
301,104,2026-02-11 20:58:20,9,Moderate
205,405,2026-02-08 08:48:20,3,Moderate
405,301,2026-02-08 08:37:20,4,Heavy
301,104,2026-02-20 21:24:20,6,Heavy
405,102,2026-02-17 05:57:20,4,Moderate
104,301,2026-02-13 11:12:20,6,Heavy
405,104,2026-02-14 16:13:20,10,Low
102,104,2026-03-03 16:20:20,5,Moderate
205,301,2026-02-14 18:35:20,1,Heavy
102,103,2026-02-14 22:46:20,6,Low
101,205,2026-02-09 21:22:20,4,Moderate
205,103,2026-02-09 23:42:20,2,Low
405,104,2026-02-17 10:26:20,6,Low
101,103,2026-02-23 02:33:20,8,Low
103,104,2026-03-04 17:29:20,7,Heavy
405,205,2026-02-08 01:11:20,7,Low
103,405,2026-02-02 20:56:20,5,Low
101,104,2026-03-04 00:16:20,2,Low
101,103,2026-03-04 14:31:20,9,Moderate
102,205,2026-02-05 23:13:20,10,Moderate
102,103,2026-02-06 05:33:20,6,Low
103,301,2026-02-26 16:09:20,6,Low
301,104,2026-03-01 21:21:20,6,Moderate
104,405,2026-02-22 11:57:20,3,Moderate
205,103,2026-02-18 22:30:20,5,Moderate
103,405,2026-02-16 14:19:20,7,Low
102,205,2026-02-22 11:56:20,3,Moderate
104,205,2026-02-19 11:10:20,4,Heavy
301,102,2026-02-24 08:37:20,5,Moderate
103,405,2026-03-04 02:34:20,2,Low
104,205,2026-02-14 09:23:20,10,Low
205,101,2026-02-20 17:18:20,10,Heavy
102,405,2026-02-27 03:11:20,1,Low
103,301,2026-02-22 07:18:20,8,Moderate
102,301,2026-02-13 05:47:20,5,Moderate
104,103,2026-02-16 01:18:20,9,Moderate
102,405,2026-02-02 17:49:20,7,Moderate
103,104,2026-02-08 06:16:20,1,Low
101,103,2026-02-27 00:59:20,2,Low
101,405,2026-02-20 16:21:20,5,Moderate
101,405,2026-02-13 23:38:20,4,Heavy
205,405,2026-02-16 05:40:20,8,Low
205,102,2026-02-09 23:14:20,3,Moderate
104,405,2026-02-23 00:17:20,8,Moderate
104,205,2026-02-07 05:27:20,5,Low
405,205,2026-03-04 17:09:20,10,Heavy
405,205,2026-03-01 05:02:20,10,Moderate
101,104,2026-02-11 11:37:20,8,Low
301,102,2026-03-04 13:39:20,9,Low
102,205,2026-03-02 18:01:20,5,Moderate
102,103,2026-02-05 13:00:20,5,Heavy
102,405,2026-03-03 23:21:20,5,Moderate
405,205,2026-02-23 16:57:20,10,Low
102,301,2026-02-09 14:55:20,2,Low
301,104,2026-02-04 00:35:20,4,Moderate
301,102,2026-02-14 00:00:20,10,Moderate
205,301,2026-02-09 07:37:20,9,Moderate
102,103,2026-02-20 19:44:20,10,Heavy
205,405,2026-02-28 20:40:20,8,Moderate
104,103,2026-02-09 17:54:20,6,Heavy
104,205,2026-02-17 07:05:20,8,Moderate
104,101,2026-02-10 22:21:20,5,Low
301,205,2026-03-01 07:01:20,3,Heavy
102,104,2026-02-07 13:28:20,8,Low
301,103,2026-02-09 15:45:20,10,Moderate
301,405,2026-02-27 04:31:20,7,Low
103,405,2026-02-25 04:41:20,9,Moderate
405,101,2026-02-12 15:50:20,8,Low
101,405,2026-02-08 23:06:20,9,Moderate
405,102,2026-02-06 06:47:20,6,Low
101,405,2026-02-23 16:00:20,9,Heavy
405,102,2026-02-17 06:17:20,9,Moderate
104,102,2026-02-18 03:23:20,4,Heavy
101,405,2026-02-24 17:44:20,5,Moderate
301,101,2026-02-20 16:15:20,3,Low
101,103,2026-02-12 04:58:20,6,Moderate
102,205,2026-02-18 21:46:20,3,Low
102,101,2026-02-05 21:25:20,9,Moderate
103,102,2026-02-04 02:14:20,6,Moderate
205,101,2026-02-28 04:13:20,6,Moderate
103,301,2026-02-19 12:41:20,4,Heavy
102,301,2026-03-02 10:14:20,3,Low
102,405,2026-02-07 03:07:20,4,Moderate
103,104,2026-02-28 12:54:20,8,Heavy
205,103,2026-02-25 22:10:20,2,Low
103,101,2026-02-09 07:17:20,6,Low
301,101,2026-02-23 01:56:20,2,Low
301,103,2026-02-27 09:28:20,6,Moderate
101,102,2026-02-23 18:39:20,2,Low
103,205,2026-02-09 00:15:20,5,Moderate
205,301,2026-02-06 04:51:20,9,Low
301,205,2026-02-15 21:11:20,2,Moderate
205,405,2026-02-22 15:06:20,9,Low
103,405,2026-02-11 16:56:20,7,Low
103,301,2026-02-16 13:31:20,6,Heavy
405,205,2026-02-09 15:44:20,10,Heavy
405,104,2026-02-02 22:15:20,1,Moderate
101,405,2026-02-18 00:18:20,2,Low
103,405,2026-02-24 19:44:20,10,Heavy
104,101,2026-03-01 18:33:20,2,Heavy
102,405,2026-02-14 08:40:20,6,Low
103,301,2026-02-25 17:44:20,10,Heavy
405,104,2026-02-11 06:20:20,1,Low
405,301,2026-02-08 07:34:20,8,Moderate
103,405,2026-02-07 15:06:20,6,Heavy
104,103,2026-02-25 15:19:20,1,Low
104,102,2026-02-06 05:07:20,5,Low
102,205,2026-02-11 08:24:20,8,Moderate
405,104,2026-02-07 22:48:20,7,Moderate
102,405,2026-02-15 14:04:20,1,Low
103,102,2026-02-06 04:02:20,2,Low
102,301,2026-02-08 02:41:20,10,Moderate
103,104,2026-03-02 00:17:20,3,Low
301,102,2026-02-24 06:19:20,1,Low
405,103,2026-02-28 20:06:20,3,Low
405,301,2026-02-22 08:40:20,6,Heavy
102,103,2026-02-23 14:44:20,3,Moderate
102,104,2026-03-02 20:10:20,8,Low
101,301,2026-02-25 22:58:20,1,Moderate
301,103,2026-02-19 15:30:20,9,Moderate
101,103,2026-02-11 06:14:20,8,Moderate
301,102,2026-02-15 13:22:20,8,Moderate
103,102,2026-02-10 23:14:20,5,Moderate
103,102,2026-02-28 15:18:20,10,Low
101,102,2026-03-01 01:09:20,8,Low
405,301,2026-02-21 10:22:20,9,Heavy
101,405,2026-02-08 04:57:20,2,Low
103,102,2026-02-10 12:48:20,6,Heavy
103,405,2026-03-05 13:27:20,1,Low
301,102,2026-02-07 13:32:20,2,Heavy
103,102,2026-02-26 21:47:20,4,Moderate
405,301,2026-02-11 14:31:20,6,Low
205,301,2026-02-05 22:06:20,3,Moderate
301,103,2026-02-16 05:53:20,10,Low
102,103,2026-02-03 13:27:20,4,Heavy
205,104,2026-02-05 17:42:20,1,Moderate
301,102,2026-03-05 12:26:20,3,Low
101,205,2026-02-05 22:16:20,7,Moderate
405,101,2026-03-04 02:31:20,1,Low
104,103,2026-03-05 09:08:20,4,Moderate
205,301,2026-02-24 22:05:20,8,Moderate
205,102,2026-02-25 13:37:20,9,Low
102,103,2026-02-06 06:52:20,1,Low
205,104,2026-02-19 07:48:20,2,Low
103,102,2026-02-11 13:46:20,1,Heavy
101,205,2026-02-22 21:26:20,3,Moderate
101,301,2026-02-24 09:35:20,9,Moderate
205,102,2026-02-03 13:48:20,2,Low
104,103,2026-02-19 00:02:20,5,Low
102,205,2026-02-24 00:33:20,3,Moderate
101,104,2026-02-16 01:05:20,7,Low
103,104,2026-02-19 20:56:20,3,Moderate
205,101,2026-02-10 04:12:20,6,Heavy
301,102,2026-02-13 02:44:20,10,Low
405,301,2026-02-10 14:04:20,9,Low
301,102,2026-02-23 07:50:20,10,Low
104,405,2026-02-16 17:45:20,7,Heavy
102,101,2026-02-21 02:01:20,7,Low
205,102,2026-02-24 14:01:20,7,Low
104,205,2026-02-18 03:24:20,6,Heavy
102,104,2026-02-04 13:52:20,3,Moderate
101,301,2026-02-05 00:38:20,6,Heavy
102,103,2026-03-02 14:51:20,8,Low
301,405,2026-02-24 06:57:20,8,Moderate
104,301,2026-02-05 03:54:20,2,Moderate
104,103,2026-02-03 02:41:20,2,Heavy
205,301,2026-02-28 07:46:20,3,Moderate
101,104,2026-02-10 18:57:20,6,Heavy
102,101,2026-03-03 04:35:20,4,Low
102,301,2026-02-06 16:12:20,6,Low
102,104,2026-02-21 19:19:20,7,Moderate
102,405,2026-02-25 11:16:20,8,Low
102,405,2026-02-18 17:46:20,9,Low
101,301,2026-02-14 16:28:20,9,Low
205,405,2026-02-27 19:51:20,5,Low
102,101,2026-02-13 22:06:20,5,Moderate
205,301,2026-02-27 22:44:20,6,Moderate
205,405,2026-02-02 19:22:20,3,Moderate
205,301,2026-02-23 05:35:20,8,Heavy
405,205,2026-02-11 12:05:20,10,Moderate
103,405,2026-02-23 22:35:20,4,Low
103,205,2026-02-09 09:50:20,5,Low
205,103,2026-03-04 15:08:20,10,Low
101,301,2026-02-22 03:54:20,5,Low
301,205,2026-02-23 02:29:20,4,Heavy
102,104,2026-02-10 05:37:20,6,Heavy
104,101,2026-03-05 04:39:20,1,Heavy
102,405,2026-02-18 18:21:20,10,Moderate
104,205,2026-02-06 14:53:20,3,Heavy
405,205,2026-03-01 14:10:20,7,Moderate
405,101,2026-02-25 21:47:20,8,Moderate
103,104,2026-02-10 00:34:20,7,Low
104,405,2026-02-14 17:19:20,9,Low
301,101,2026-02-21 12:12:20,7,Low
405,103,2026-02-06 08:18:20,1,Heavy
101,104,2026-02-22 07:52:20,4,Moderate
103,101,2026-02-17 04:24:20,5,Low
301,103,2026-03-03 23:00:20,5,Heavy
104,301,2026-03-04 23:23:20,6,Moderate
104,405,2026-02-02 23:04:20,10,Low
101,205,2026-02-22 13:56:20,7,Moderate
103,205,2026-02-07 11:11:20,1,Low
103,102,2026-02-24 23:13:20,5,Low
301,205,2026-02-03 13:53:20,1,Low
101,102,2026-02-12 00:07:20,2,Low
405,205,2026-03-01 19:27:20,6,Low
104,301,2026-02-26 21:17:20,8,Moderate
103,301,2026-02-16 05:13:20,7,Moderate
205,301,2026-02-26 20:07:20,5,Low
104,103,2026-03-01 09:28:20,1,Moderate
405,102,2026-02-11 17:12:20,8,Heavy
103,101,2026-02-18 12:01:20,1,Low
205,104,2026-02-04 08:06:20,8,Heavy
102,405,2026-02-11 03:56:20,6,Moderate
103,104,2026-03-02 05:06:20,6,Moderate
301,101,2026-02-17 18:20:20,2,Moderate
104,101,2026-02-24 01:27:20,2,Low
101,103,2026-02-10 11:40:20,7,Low
102,104,2026-02-03 00:24:20,8,Moderate
102,301,2026-02-20 16:39:20,9,Moderate
205,103,2026-03-05 13:11:20,1,Low
301,104,2026-02-21 23:37:20,2,Low
101,104,2026-02-28 08:30:20,5,Heavy
103,102,2026-03-02 19:21:20,8,Moderate
205,405,2026-02-10 00:39:20,1,Low
103,102,2026-02-03 10:10:20,1,Moderate
103,104,2026-02-04 17:54:20,10,Heavy
205,104,2026-02-14 14:32:20,10,Heavy
102,103,2026-02-09 03:01:20,6,Low
102,205,2026-02-11 03:54:20,9,Low
102,101,2026-02-15 20:27:20,9,Low
405,103,2026-02-21 17:05:20,9,Moderate
101,102,2026-02-12 13:25:20,5,Moderate
101,405,2026-02-02 21:44:20,7,Moderate
405,101,2026-02-06 07:14:20,6,Moderate
405,205,2026-03-05 08:18:20,2,Moderate
104,301,2026-02-11 20:24:20,2,Heavy
101,205,2026-03-04 09:34:20,9,Heavy
102,104,2026-02-20 02:12:20,4,Moderate
101,104,2026-02-14 14:21:20,4,Low
301,104,2026-02-27 23:21:20,2,Low
301,104,2026-03-02 17:38:20,7,Low
103,405,2026-02-22 01:11:20,2,Moderate
102,405,2026-02-18 01:11:20,10,Moderate
301,205,2026-02-03 10:16:20,3,Heavy
102,301,2026-02-20 06:28:20,6,Moderate
101,301,2026-02-27 07:36:20,3,Low
102,205,2026-02-25 03:20:20,1,Moderate
101,205,2026-02-21 00:15:20,5,Low
102,103,2026-02-10 12:00:20,2,Low
405,301,2026-02-16 23:55:20,4,Heavy
101,103,2026-02-16 18:25:20,5,Moderate
101,405,2026-02-02 17:08:20,6,Heavy
104,405,2026-02-16 22:36:20,2,Low
101,104,2026-02-08 15:55:20,2,Moderate
102,101,2026-02-27 19:02:20,6,Heavy
104,301,2026-02-05 03:24:20,3,Moderate
101,301,2026-02-11 07:36:20,1,Low
104,205,2026-03-01 16:22:20,7,Low
405,102,2026-02-19 14:15:20,3,Low
103,405,2026-02-14 10:33:20,4,Moderate
102,405,2026-02-28 09:59:20,10,Low
104,103,2026-02-07 00:15:20,6,Moderate
205,103,2026-02-08 20:32:20,6,Moderate
301,102,2026-02-20 10:46:20,9,Heavy
104,101,2026-02-07 14:42:20,1,Moderate
301,101,2026-02-15 18:36:20,9,Heavy
301,101,2026-02-14 21:30:20,5,Moderate
405,101,2026-02-20 15:35:20,8,Heavy
101,102,2026-03-04 17:53:20,2,Moderate
405,301,2026-02-15 18:15:20,6,Heavy
405,103,2026-03-02 15:39:20,9,Low
102,103,2026-02-11 18:44:20,7,Heavy
405,301,2026-02-12 12:21:20,6,Moderate
101,205,2026-02-15 04:16:20,6,Low
104,101,2026-03-04 17:04:20,8,Heavy
405,101,2026-02-16 14:01:20,5,Moderate
102,101,2026-02-08 13:10:20,10,Moderate
102,405,2026-02-23 01:00:20,7,Moderate
405,205,2026-03-01 07:02:20,8,Moderate
104,405,2026-02-09 13:26:20,4,Moderate
301,104,2026-02-15 20:19:20,4,Heavy
103,104,2026-02-19 14:56:20,7,Low
205,301,2026-02-15 12:56:20,5,Moderate
101,301,2026-02-20 08:51:20,10,Heavy
205,104,2026-02-28 01:20:20,2,Low
104,205,2026-02-17 01:05:20,8,Low
301,102,2026-02-24 13:11:20,3,Moderate
301,104,2026-02-24 23:50:20,6,Moderate
101,102,2026-03-04 18:18:20,3,Low
102,405,2026-02-17 09:00:20,9,Heavy
101,405,2026-03-01 17:12:20,6,Heavy
405,104,2026-02-20 19:04:20,10,Moderate
205,405,2026-02-04 05:40:20,8,Heavy
301,405,2026-02-18 01:17:20,1,Low
205,405,2026-02-08 06:39:20,6,Moderate
301,104,2026-02-13 00:45:20,2,Low
104,405,2026-02-02 22:28:20,10,Heavy
104,102,2026-02-19 10:14:20,4,Moderate
205,102,2026-03-05 06:08:20,6,Moderate
301,102,2026-03-01 20:46:20,9,Moderate
104,205,2026-02-11 21:34:20,5,Heavy
102,104,2026-02-25 19:10:20,4,Low
301,104,2026-02-15 18:27:20,3,Moderate
205,405,2026-02-19 03:22:20,7,Moderate
104,405,2026-02-12 04:08:20,1,Heavy
205,405,2026-02-13 22:45:20,6,Moderate
301,101,2026-02-17 18:05:20,8,Heavy
101,102,2026-03-04 07:33:20,2,Moderate
103,301,2026-02-18 00:47:20,3,Low
101,104,2026-02-12 23:30:20,6,Moderate
104,103,2026-02-04 22:22:20,3,Heavy
301,405,2026-03-02 19:58:20,3,Moderate
104,205,2026-02-08 23:09:20,4,Low
301,101,2026-02-21 19:59:20,6,Moderate
205,405,2026-02-23 20:14:20,4,Moderate
102,101,2026-02-27 09:25:20,10,Moderate
103,301,2026-02-02 19:47:20,2,Moderate
301,102,2026-02-02 15:33:20,2,Low
301,104,2026-02-23 06:45:20,3,Moderate
405,101,2026-03-02 10:42:20,2,Moderate
405,101,2026-02-10 19:04:20,8,Low
102,205,2026-02-18 08:12:20,10,Low
405,301,2026-02-10 22:38:20,5,Moderate
301,102,2026-02-12 18:10:20,7,Heavy
102,205,2026-02-21 20:32:20,2,Low
205,405,2026-02-10 01:05:20,7,Moderate
103,101,2026-02-14 20:23:20,8,Moderate
205,405,2026-02-04 18:43:20,6,Low
102,205,2026-02-05 23:41:20,5,Moderate
104,101,2026-02-17 05:01:20,6,Low
205,104,2026-02-04 23:44:20,9,Moderate
405,205,2026-02-10 18:59:20,5,Low
301,405,2026-02-11 07:42:20,3,Moderate
103,102,2026-02-21 21:19:20,6,Moderate
405,102,2026-02-24 16:03:20,4,Moderate
405,102,2026-03-01 02:15:20,4,Moderate
205,102,2026-02-28 01:03:20,2,Low
102,104,2026-02-10 00:51:20,8,Moderate
205,101,2026-02-09 19:57:20,7,Heavy
405,102,2026-02-22 21:25:20,8,Moderate
103,405,2026-02-13 11:56:20,1,Low
405,102,2026-02-20 21:57:20,8,Moderate
102,104,2026-02-03 22:43:20,6,Moderate
103,405,2026-02-19 07:50:20,7,Low
301,102,2026-03-03 12:10:20,2,Moderate
102,405,2026-02-18 14:20:20,2,Low
103,101,2026-03-03 10:00:20,8,Low
301,101,2026-02-14 03:53:20,9,Low
102,101,2026-02-09 21:28:20,5,Moderate
405,101,2026-02-27 06:31:20,10,Heavy
405,205,2026-02-09 11:51:20,2,Moderate
104,101,2026-02-07 22:24:20,4,Low
102,101,2026-02-08 06:29:20,9,Moderate
101,405,2026-03-03 08:45:20,3,Moderate
104,405,2026-02-20 20:28:20,8,Low
102,103,2026-02-04 15:34:20,8,Low
301,101,2026-02-23 23:48:20,2,Low
405,301,2026-02-27 16:37:20,10,Low
205,405,2026-02-17 12:26:20,5,Heavy
405,104,2026-02-10 00:06:20,4,Moderate
102,103,2026-02-10 06:57:20,6,Moderate
103,405,2026-03-01 11:43:20,5,Moderate
301,104,2026-03-01 18:31:20,7,Heavy
301,405,2026-02-11 05:17:20,10,Moderate
103,101,2026-02-10 16:02:20,10,Heavy
301,104,2026-02-16 09:49:20,9,Heavy
103,301,2026-02-20 10:16:20,1,Moderate
103,205,2026-02-10 02:15:20,10,Low
205,101,2026-02-27 06:07:20,10,Low
301,205,2026-02-22 14:05:20,1,Low
205,103,2026-02-07 18:47:20,1,Heavy
205,101,2026-02-07 00:31:20,9,Low
104,205,2026-02-09 03:34:20,4,Heavy
103,101,2026-02-08 06:00:20,8,Low
205,405,2026-02-26 11:19:20,10,Heavy
405,101,2026-02-09 23:02:20,9,Heavy
104,405,2026-02-03 06:19:20,10,Moderate
205,101,2026-02-17 01:03:20,5,Low
104,205,2026-03-04 01:55:20,9,Low
102,104,2026-02-20 03:33:20,3,Moderate
301,405,2026-02-15 18:36:20,7,Heavy
103,104,2026-02-23 11:45:20,7,Moderate
104,405,2026-02-23 05:10:20,7,Low
405,102,2026-02-23 12:23:20,1,Low
102,103,2026-02-08 18:56:20,5,Heavy
405,101,2026-02-03 00:13:20,7,Heavy
405,102,2026-03-02 03:10:20,4,Low
102,405,2026-02-15 05:20:20,6,Low
102,101,2026-02-05 01:17:20,2,Low
205,101,2026-02-06 16:44:20,3,Moderate
205,103,2026-03-01 02:33:20,4,Heavy
205,101,2026-02-04 00:48:20,6,Heavy
405,104,2026-02-25 11:02:20,9,Moderate
104,405,2026-02-26 09:22:20,9,Heavy
103,405,2026-02-02 17:42:20,5,Low
301,102,2026-02-05 09:57:20,2,Moderate
101,102,2026-02-23 00:47:20,8,Heavy
104,301,2026-02-16 19:53:20,3,Moderate
101,103,2026-03-04 13:38:20,2,Low
103,101,2026-02-14 23:18:20,2,Heavy
104,405,2026-02-14 16:33:20,4,Heavy
102,103,2026-02-11 02:14:20,6,Low
102,405,2026-03-04 01:30:20,9,Low
102,103,2026-02-26 13:20:20,9,Heavy
103,205,2026-02-27 13:38:20,3,Moderate
301,205,2026-02-25 20:09:20,9,Heavy
102,103,2026-02-22 22:39:20,3,Low
205,103,2026-02-18 23:31:20,1,Low
104,101,2026-02-19 18:51:20,9,Heavy
102,301,2026-02-14 05:02:20,7,Moderate
101,301,2026-02-04 19:16:20,8,Heavy
101,301,2026-02-23 09:47:20,10,Heavy
301,103,2026-02-24 22:25:20,7,Moderate
405,301,2026-02-15 15:00:20,7,Moderate
103,101,2026-02-14 06:09:20,7,Moderate
301,101,2026-03-04 12:33:20,10,Low
103,101,2026-02-06 23:16:20,1,Moderate
103,102,2026-02-25 17:36:20,5,Moderate
405,103,2026-02-16 14:19:20,1,Moderate
103,102,2026-02-17 17:29:20,10,Heavy
405,205,2026-02-14 03:12:20,8,Moderate
205,102,2026-02-23 13:05:20,7,Moderate
101,104,2026-02-08 04:09:20,5,Heavy
101,103,2026-02-03 11:19:20,4,Heavy
301,101,2026-02-14 17:40:20,7,Moderate
103,104,2026-02-13 07:45:20,5,Moderate
405,102,2026-02-25 11:15:20,6,Moderate
301,104,2026-02-09 10:49:20,5,Moderate
103,102,2026-03-02 12:26:20,5,Moderate
301,104,2026-02-08 18:22:20,3,Moderate
301,102,2026-02-23 11:57:20,10,Heavy
301,101,2026-02-12 01:16:20,10,Heavy
205,405,2026-02-12 10:17:20,4,Heavy
102,405,2026-02-22 04:03:20,9,Heavy
103,101,2026-02-05 04:00:20,6,Moderate
104,205,2026-02-13 19:54:20,7,Moderate
104,205,2026-02-03 00:00:20,6,Low
104,101,2026-02-21 14:12:20,4,Heavy
205,103,2026-03-04 16:12:20,5,Low
205,102,2026-02-10 12:43:20,7,Moderate
102,301,2026-02-06 00:53:20,2,Moderate
104,405,2026-03-05 03:10:20,2,Low
101,104,2026-02-11 08:42:20,8,Moderate
405,103,2026-02-15 17:27:20,1,Moderate
301,103,2026-03-03 19:54:20,9,Heavy
103,104,2026-02-15 13:39:20,7,Moderate
102,405,2026-02-13 16:40:20,8,Low
405,301,2026-02-28 13:50:20,1,Heavy
205,301,2026-02-14 09:00:20,1,Moderate
205,101,2026-02-07 03:56:20,3,Moderate
405,101,2026-02-27 12:57:20,4,Low
103,101,2026-02-18 10:36:20,3,Heavy
301,101,2026-02-13 00:50:20,5,Low
103,405,2026-02-13 20:18:20,8,Low
405,205,2026-02-20 04:48:20,8,Moderate
104,301,2026-02-05 16:08:20,4,Low
405,101,2026-02-08 05:39:20,3,Low
301,104,2026-03-04 19:16:20,6,Heavy
301,103,2026-02-18 16:43:20,10,Heavy
103,405,2026-02-08 22:19:20,10,Low
101,405,2026-02-25 20:14:20,8,Moderate
104,205,2026-02-22 01:00:20,10,Moderate
205,102,2026-02-08 08:27:20,2,Low
301,103,2026-02-23 21:20:20,9,Heavy
301,405,2026-02-08 12:01:20,1,Low
205,102,2026-02-14 07:52:20,7,Low
101,104,2026-03-03 12:15:20,7,Low
102,104,2026-02-14 16:09:20,3,Moderate
101,301,2026-02-11 05:28:20,1,Low
301,103,2026-03-02 12:06:20,9,Moderate
102,103,2026-02-09 19:44:20,6,Heavy
102,405,2026-02-24 08:08:20,10,Heavy
104,102,2026-02-26 07:38:20,7,Heavy
102,104,2026-02-02 22:51:20,8,Low
101,102,2026-03-02 17:16:20,4,Moderate
104,301,2026-02-20 14:42:20,9,Moderate
103,102,2026-02-26 13:35:20,7,Low
102,101,2026-02-09 16:33:20,1,Low
102,405,2026-02-19 18:16:20,8,Low
103,205,2026-02-19 04:59:20,3,Low
301,103,2026-02-27 19:54:20,5,Moderate
301,102,2026-02-23 14:56:20,1,Moderate
104,101,2026-02-21 05:45:20,1,Low
301,102,2026-02-18 04:01:20,1,Low
102,205,2026-02-05 17:08:20,8,Moderate
405,103,2026-02-14 05:57:20,2,Low
405,103,2026-03-04 08:24:20,9,Moderate
104,301,2026-02-02 23:18:20,9,Moderate
103,205,2026-02-02 23:58:20,7,Low
301,102,2026-02-06 11:17:20,9,Low
205,301,2026-02-07 12:04:20,3,Heavy
103,104,2026-02-13 02:44:20,8,Low
102,301,2026-03-01 20:25:20,4,Moderate
301,103,2026-02-28 08:22:20,2,Low
405,101,2026-02-16 13:33:20,5,Low
